User_id,avg_games,avg_revenue,feature_enabled
1,24.75,0,0
11,5,0,2
12,26.125,0,0
22,24.625,0,2
32,4,0,2
33,4.166666667,0,0
41,2,0,0
42,2.625,0,0
52,2,0,2
55,3,0,0
58,20.375,0.24875,0
68,12.875,0,0
78,8,0,2
79,8,0,0
83,2,0,2
89,12.5,0,2
99,3,0,0
102,12.66666667,0,0
107,7,0,2
108,5.428571429,0,0
117,9,0,0
123,3.5,0,0
127,6.2,0,2
133,4,0,0
142,20,0,0
143,8.666666667,0,0
147,4.8,0,0
152,3.833333333,0,0
159,1.4,0,0
164,8.142857143,0,0
173,9.666666667,0,2
176,5.333333333,0,2
179,24.75,0,2
189,7,0,2
192,17.625,0,0
202,0.833333333,0.331666667,0
210,5.4,0,2
216,7,0,2
225,19.5,0,2
235,13.875,0.995,2
245,6.5,0,0
248,16.875,0.4975,2
258,7.6,0,2
264,5,0,0
265,21.57142857,0,0
272,5,0,0
277,6.285714286,0,2
286,7.166666667,0,0
293,23,0,2
303,8,0,0
308,11.28571429,0,0
317,0,0,0
318,7.285714286,0,2
326,5.833333333,0,0
333,12,0,0
335,19.625,0,2
345,6.333333333,0,2
351,6.333333333,0,2
355,15.125,0,2
365,8,0,2
366,13,0,0
367,9.5,0,2
370,5,0,2
371,5.5,0,0
381,1.666666667,0,2
384,2,0,0
388,6,0,0
390,12.83333333,0,2
397,3,0,0
399,6,0,0
400,4.75,0,2
405,19.625,0,0
414,14.375,0,2
424,9,0,0
431,11.16666667,0,2
437,12.625,0,2
446,2,0,0
449,25,0,2
455,1,0,0
456,9.2,0,0
463,26.16666667,0,2
469,5.25,0,0
479,16.75,0,2
489,19,0,2
490,3.5,0,0
492,6.5,0,2
498,11.125,0,2
507,0.714285714,0,2
514,21.28571429,0,2
523,24.5,0,2
525,4.5,0,0
527,7.5,0,0
529,6.6,0,0
536,4.714285714,0,0
545,5.833333333,0,2
551,6.125,0,2
561,0,0,2
562,6.666666667,0.663333333,2
568,21,0,0
570,3.25,0,2
574,9.857142857,0,0
583,4,0,2
586,5.857142857,0,0
594,2,0,0
595,19.375,0,0
605,9.6,0,0
612,1.285714286,0,0
621,23.5,0,2
631,5.333333333,0,2
635,5,0,0
637,29.625,0,2
647,7.285714286,0,2
656,4,0,0
661,10.5,0,2
663,13.42857143,0,0
672,8.25,0,2
676,11.16666667,0,2
684,18.28571429,0,2
693,15.5,0,0
703,5.333333333,0,2
710,13.28571429,0,0
718,17.125,0.24875,2
728,10.125,0,0
738,9.5,0,2
744,4.4,0,2
750,6.75,0,2
760,14.14285714,0,0
769,6.714285714,0,0
778,12.25,0,0
788,10,0,0
791,1,0,2
795,16.5,0,0
797,13,0,0
801,8,0,0
808,14.75,0,2
818,9.428571429,0,2
826,4.2,1.998,2
833,22,0,0
843,6.285714286,0,2
852,9.75,0,2
862,18.875,0,2
872,10.5,0,2
882,3.5,0,2
884,6.285714286,0,0
893,8.333333333,0,2
897,4.75,0,0
905,9.75,0,0
915,13.5,0,2
925,20.5,0,0
935,1,0,0
936,8.666666667,0,2
939,12.28571429,0,0
948,7.5,0,0
954,1,0,0
955,6.5,0,2
965,15.375,0,2
973,7.333333333,0,2
977,5.833333333,0,0
984,6,0,2
985,11,0,2
986,12,0,2
991,2.5,0,0
994,14,0,2
998,9.142857143,10.27428571,0
1007,13.83333333,0.331666667,2
1013,5.2,0,2
1019,15.625,0,0
1029,8.25,0,2
1035,1.5,0,0
1037,10.375,0,0
1047,9,0,2
1054,9.5,0,2
1064,6.4,0,2
1070,5.25,0,2
1074,9.375,0,2
1084,9.666666667,0,0
1091,2.5,0,0
1093,4.25,0,0
1097,14.75,0,2
1107,3,0,0
1109,6,0,0
1118,23.875,0,2
1128,4.5,0,0
1137,10.75,0,0
1145,4,0,0
1146,4.333333333,0,2
1149,16.125,0,2
1159,13,0,2
1167,8.166666667,1.326666667,2
1175,8,0,0
1176,16.375,0,0
1186,8.666666667,0,0
1189,8,0,2
1190,16.75,0,0
1200,4,0,0
1207,10.66666667,0,0
1215,18.625,0,0
1225,16.625,0,0
1235,11,0,2
1242,17.75,0,0
1252,0.125,0,2
1262,22.25,0,0
1272,10,0,2
1282,4.875,0,2
1292,7,0,0
1296,2.5,0,0
1300,5,0,0
1306,19,0,0
1315,4.166666667,0,0
1323,30,0,0
1326,7,0,2
1331,9.333333333,0,2
1337,2.5,0,2
1339,13.25,0,0
1349,6.857142857,0,2
1358,11.5,0,0
1360,0.333333333,0,2
1363,1.625,0,2
1373,5.5,0,0
1380,1,0,2
1382,1,0,0
1384,18,0,0
1392,11,0,2
1401,5.25,0,0
1405,13,0,2
1415,6.714285714,0,0
1423,10,0,2
1428,23.5,0,0
1438,0,0,0
1439,4.166666667,0,0
1446,9,0,0
1455,8.666666667,0,2
1462,5.833333333,0,2
1468,17.5,0,2
1470,13.25,0,0
1480,12.625,0,0
1490,6.6,0,0
1495,6.285714286,0,0
1503,18.875,0,0
1511,9.375,0,0
1521,11.83333333,0,2
1529,13.625,0,2
1539,12.375,0,0
1549,5,0,0
1550,5.6,0,0
1556,24.125,0,2
1566,6,0,0
1574,0,0,2
1576,6.25,0,0
1580,20.375,0,0
1590,1.666666667,0,0
1593,5,0,0
1594,5.8,0,0
1601,18.71428571,0,2
1610,15.625,0,2
1620,24.2,0,0
1626,14.5,0,0
1633,18,0,0
1637,4.8,0,0
1642,3.25,0,2
1646,24.33333333,0,2
1657,2.5,0,0
1659,17,1.4925,2
1669,6.75,0,0
1673,5.6,0,0
1680,4.571428571,0,0
1688,0,0,0
1689,18.125,0,2
1699,3.5,0,0
1707,15.625,0,2
1717,1.333333333,0,2
1720,13.5,0,0
1726,3,0,2
1730,11,0,0
1738,11.5,0,2
1740,5.333333333,0,0
1744,12,0,0
1754,13.875,0,2
1764,8.857142857,0,0
1773,15.42857143,0,2
1781,4,0,0
1786,10.75,0,2
1796,8.625,0,0
1806,6,0,2
1813,10.71428571,0,0
1821,7.625,0,2
1831,6.833333333,0,0
1839,7,0.663333333,2
1846,8.142857143,0,2
1855,7.125,0,0
1865,4,0,0
1866,18,0,2
1867,7.166666667,0,2
1875,21,0,2
1877,6.857142857,0,0
1886,1.25,0,0
1890,11.66666667,0,0
1893,6,0,2
1898,12.71428571,0,2
1907,9.125,0,0
1917,9.5,0,0
1919,5,0,2
1923,12.42857143,0,0
1931,30.5,0,0
1933,1,0,2
1936,1,0,0
1937,12.75,0,0
1947,15.625,0,2
1957,16.42857143,0,0
1966,50,0,0
1967,0,0,0
1969,11,0,2
1976,7.833333333,0,2
1983,19.14285714,0,0
1992,13.66666667,0,2
1995,6,0,0
2002,0,0,0
2003,17.25,0,2
2009,6,0,2
2013,6.714285714,0,2
2020,9,0.284285714,0
2029,32,0,2
2030,21.125,0,2
2038,4.75,0,2
2044,6.571428571,0,2
2053,12.875,0,2
2063,7,0,2
2071,5.25,0,0
2075,15,0,2
2085,28,0,2
2086,9.75,0,2
2096,4,0,0
2097,8.875,0,2
2107,6.666666667,0,2
2113,21.875,0,2
2121,8,0,2
2129,15.375,0,0
2139,9.875,0,2
2149,7.25,0,0
2153,41,0,2
2163,6.4,0,2
2168,4,0,2
2169,11,0,0
2171,11.16666667,0,2
2179,8.8,0,2
2185,12.625,0,2
2195,4.333333333,0,2
2199,15.375,3.74625,0
2209,5,0,0
2210,18.57142857,0,0
2219,9.666666667,0,0
2222,7.6,0,0
2229,19.75,0,0
2239,1.5,0,2
2241,3.666666667,0,2
2244,13.375,0,0
2254,19.75,0,0
2264,11,0,2
2266,20.66666667,0,0
2269,18,0,2
2270,25.375,0,2
2280,23,0,0
2281,20.625,0,2
2291,13.14285714,0,2
2300,5,0,0
2301,5.125,0,2
2310,18,0,2
2311,2.2,0,0
2317,10.42857143,0,0
2326,26.875,0,2
2336,20,0,0
2346,1.666666667,0,0
2349,29.5,0,2
2357,16.75,0,2
2367,12.625,0,0
2377,11.85714286,0,2
2386,5.2,0,2
2391,17.5,0.4975,0
2401,3.25,0,0
2405,13,0,0
2409,8,0,0
2411,8.5,0,0
2417,5.6,0,0
2424,26.75,0,2
2428,17,0,0
2435,7.125,0,0
2444,0,0,0
2445,9.25,0,0
2455,7.5,0,2
2461,6.5,0,2
2468,3.25,0,2
2472,3.5,0,0
2476,6.333333333,0,0
2480,4.833333333,0,2
2486,16.625,0,2
2496,4.75,0,0
2501,0,0,2
2504,5.333333333,0,2
2509,11.5,0,2
2515,0,0,2
2518,4.8,0,2
2524,11.875,0,2
2534,8.625,0,2
2544,2,0,2
2547,8.142857143,0,2
2556,6.25,0,2
2566,10.5,0,2
2569,5.5,0,2
2574,2,0,2
2581,11.33333333,0,0
2588,21,0,2
2593,21,0,2
2596,5,0,2
2599,8.857142857,0,0
2608,7.166666667,0,2
2614,5.75,0,0
2624,20.625,0,2
2634,13,0,0
2644,13,0,2
2645,6,0,0
2651,3.142857143,0,0
2660,9,0,0
2663,10.83333333,0,2
2669,5,0,2
2672,12.33333333,0,0
2680,13.83333333,0,2
2686,5.5,0,2
2688,1,0,0
2689,31.125,0,0
2699,4.625,0,2
2709,3.5,0,2
2711,2.5,0,2
2713,7,0,0
2721,11,0,2
2724,8.285714286,0,2
2731,4.333333333,0,2
2736,0,0,2
2737,2.625,0,0
2747,11.4,0,2
2754,5.25,0,2
2764,10.25,0,0
2768,19.16666667,0,0
2775,4,0,0
2776,21.625,0,2
2786,9.666666667,0.663333333,2
2791,2,0,2
2801,4.666666667,0,0
2805,7,0,2
2806,25.75,0,0
2815,7.625,0,0
2825,17.375,0,2
2835,10.5,0,2
2837,9.375,0,0
2847,11,0,2
2849,8,0,0
2856,25.57142857,0,0
2865,5.666666667,0,0
2872,5.333333333,0,0
2876,5,0,2
2877,16.5,0,2
2887,12.85714286,0,2
2896,7.375,0,2
2906,10,0,0
2908,10,0,0
2915,4.5,0,2
2917,4.285714286,0,2
2924,4.666666667,0,2
2932,2,0,0
2940,12.75,0,2
2949,17.42857143,0,2
2958,17.5,0,2
2960,4,0,2
2962,2.666666667,0,2
2966,1,0,2
2968,23,0,2
2978,14.14285714,0,0
2987,5.5,0,0
2991,11.33333333,0,2
2999,5.428571429,0,0
3006,1,0,0
3007,7.333333333,0,0
3014,24,0,2
3015,2.8,0,2
3021,5.25,0,2
3030,12.71428571,0,2
3037,21.25,0,0
3047,11,0,2
3051,12.375,0,0
3061,5.5,0,0
3067,3,0,0
3070,16.5,0,2
3080,0.5,0,2
3082,2,0,2
3088,17.625,0,0
3098,3,0,2
3099,6,0,2
3102,4,0,2
3103,17.25,0,0
3113,7.25,0,0
3118,32,0,0
3119,2.4,0,2
3124,16.5,0,0
3134,6,0,2
3139,1,0,0
3140,9.666666667,0,0
3143,13,0,0
3144,2.8,0,2
3150,9.625,0,2
3160,7.75,0,0
3165,23.625,0,2
3175,26.75,0,0
3184,8.75,0,0
3192,0,0,0
3194,5,0,0
3197,10.875,0,2
3207,11.6,0,2
3212,8,0,0
3213,3,0,2
3214,12.14285714,0,2
3222,1,0,2
3223,3.5,0,0
3227,7.5,0,0
3237,6.5,0,2
3239,7.333333333,0,2
3247,7.428571429,0,0
3256,8.75,0,2
3266,22,0,2
3267,11.83333333,1.326666667,2
3275,0,0,0
3276,7.5,0,2
3283,2.25,0,0
3288,4.333333333,0,0
3296,14.125,0,0
3306,35.375,0,0
3316,15.6,0,2
3321,2,0,0
3322,16.6,0,2
3329,19,0,0
3333,13.33333333,2.321666667,2
3341,9,0,0
3350,19.25,0,0
3360,11.125,0,0
3369,9.6,0,0
3374,7.25,0,0
3384,14.66666667,0,0
3395,7,0,0
3405,8.375,0,0
3415,6,0,2
3425,7.428571429,0,2
3434,7.166666667,0,0
3441,10.125,0,2
3451,15.375,0,0
3460,16,0,2
3461,7.5,0,2
3466,10.14285714,0,0
3475,20.125,0.74625,0
3485,14.125,0,0
3495,6,0,0
3500,8.875,0,2
3510,7,0,0
3514,17.375,0,0
3522,5.5,0,0
3530,8.5,0,0
3540,9,0,2
3545,4.2,0,2
3550,15.5,0,0
3560,6.142857143,0,0
3568,6.5,0,2
3573,5,0,0
3575,7,0,2
3580,5,0,2
3581,8.75,0,2
3591,8.25,0,2
3599,11.14285714,0,0
3608,5.333333333,0,0
3611,13,0,2
3620,10.28571429,0,0
3629,13.125,0,0
3639,18.5,0,2
3649,13,0,0
3651,17.75,0,0
3661,12.875,0,0
3671,5,0,0
3677,16.33333333,0,2
3680,1.2,0,0
3687,15.25,0,0
3697,17.57142857,0,2
3706,5,0,0
3710,12.125,0,0
3720,11.25,0,0
3730,2,0,2
3735,8,0,2
3743,8,0,0
3753,13.5,0,0
3757,6,0,0
3758,12.5,0,0
3766,6.333333333,0,2
3773,8.285714286,0,0
3782,6.5,0,0
3784,8.625,0,0
3794,2,0,2
3795,21.875,0,2
3804,6,0,2
3806,8.285714286,0,0
3815,19.71428571,0,2
3824,5,0,2
3828,16.25,0,2
3838,11.57142857,0.284285714,2
3847,7.75,0,0
3857,7.285714286,0.284285714,0
3866,7.333333333,0,0
3874,11.5,0,2
3876,5.625,0,0
3885,1.666666667,0,2
3889,3,0,2
3890,1,0,2
3891,6.5,0,0
3893,10.83333333,0,2
3901,3.857142857,0,0
3910,24.42857143,0,2
3917,5,0,2
3920,24.8,0,2
3926,7,0,0
3927,7,0,0
3936,3.666666667,0,0
3939,3,0,2
3941,21.375,0,0
3951,5.2,0,2
3956,18.66666667,0,0
3959,3,0,0
3963,10.625,0,2
3973,3.666666667,0,2
3978,2,0,2
3984,11.5,0,0
3990,9.625,0,0
4000,12.6,0,2
4005,4.2,0,0
4012,4,0,2
4016,7.8,0,2
4023,1,0,2
4024,12.75,0,0
4034,25.16666667,0,2
4040,17.5,0,0
4048,5,0,0
4050,20.5,1.99,2
4060,0.285714286,0,0
4069,6,0,0
4071,4,0,2
4073,12.75,0,2
4083,27.125,0,0
4092,9,0,2
4095,0,0,2
4096,7.5,0,2
4102,15,0,2
4112,5.5,0,0
4116,2.6,0,2
4122,6.5,0,2
4124,4.666666667,0,2
4127,1.333333333,0,0
4130,4.666666667,0,0
4135,21.25,0.4975,0
4145,13.5,0,2
4155,6.25,0,0
4160,5.5,0,2
4162,1.8,0,0
4167,11.5,0,2
4177,10.5,0,0
4185,6,0,0
4186,17.125,0,2
4196,11,0,0
4199,24,0,0
4200,7.5,0,0
4208,19,0,0
4218,6,0,0
4219,7.333333333,0,2
4222,31.5,0,0
4232,17,0,0
4236,8.5,0,2
4238,3,0,0
4241,14.5,0,2
4250,10,0,0
4257,2.75,0,0
4261,20,0,0
4269,10,0,2
4276,16.25,0,2
4284,8.5,0,0
4294,7.375,0,0
4303,23.25,0,2
4313,8.25,0,2
4323,6.5,0,2
4327,1,0,0
4328,5.2,0,2
4333,0,0,0
4334,12.375,0,0
4344,10,0,2
4354,12,0,0
4358,1,0,2
4359,1,0,2
4360,3,0,2
4362,10.71428571,0,0
4371,17.5,0,0
4381,44,0,0
4382,18.75,0,0
4392,2,0,2
4395,31.5,0,2
4405,18.5,0,0
4414,1.875,0,0
4424,15.14285714,0,0
4432,22.5,0,0
4442,5,0,0
4443,15,0,2
4451,10.375,0,2
4459,7.5,0,2
4466,6,0,2
4467,6.142857143,0,2
4474,0,0,0
4484,17.85714286,0,0
4493,13.5,0,2
4495,5.5,0,0
4497,10.33333333,0,0
4505,8.625,0,2
4515,14.375,0,2
4525,8.5,0,0
4535,3.5,0,2
4541,6.5,0,0
4543,4,0,2
4545,3,0,2
4547,12,0,0
4551,9.714285714,0,0
4560,2.875,0,0
4568,3,0,0
4570,2,0,2
4571,2,0,2
4574,9.25,0,2
4584,7,0,2
4586,30.33333333,0,0
4589,10.75,0,0
4599,5,0,2
4601,2,0,0
4602,4.875,0,2
4612,7,0,0
4613,4.5,0,2
4615,18.5,0,2
4625,6.6,0,2
4631,18.125,0,2
4640,15.875,0,2
4650,14.125,0,2
4660,10.5,0,2
4669,17.5,0,0
4673,9,0,2
4677,7.2,0.398,2
4684,14,0,0
4685,3,0,2
4692,20,0,0
4696,2.833333333,0,0
4702,9.428571429,0,2
4710,4.5,0,2
4714,2.25,0,0
4718,13.75,0,2
4728,12,0,0
4729,13.85714286,0,0
4736,6.166666667,0,2
4744,8.75,0,0
4749,1.333333333,0,0
4752,24,0,0
4756,8.25,0,0
4760,6.8,0,0
4765,10,0,2
4767,3.333333333,0,0
4771,7.875,0,2
4781,7,0,2
4782,1.75,0,0
4788,5.5,0,2
4796,1,0,2
4797,12.5,0,2
4806,13.71428571,0,0
4815,2.5,0,0
4820,9,0,2
4830,2,0,0
4831,3.375,0,2
4841,7.625,0,0
4851,9,0,0
4859,0,0,0
4860,18,0,2
4870,12.75,0,0
4880,6,0,2
4884,7,0,2
4885,2,0,2
4886,19.375,0,0
4896,5,0,0
4897,7.875,0,2
4907,6,0,0
4908,13.57142857,0,0
4917,5.25,0,0
4922,9.5,0,0
4924,16,0,0
4933,16.75,0,0
4943,3,0,2
4944,16.55555556,1.773333333,2
4955,1,0,2
4957,1,0,0
4958,7,0,2
4959,5,0,2
4961,9.75,0.24875,0
4971,15.4,0,2
4978,10.6,0,2
4984,7,0,2
4988,9.666666667,0,2
4996,6.25,0,2
5006,7.375,0,2
5016,8.25,0,2
5026,7.8,0,0
5032,10,0,0
5034,22,0,0
5035,10.125,0,0
5044,1.75,0,2
5049,6.125,0,0
5059,8.571428571,0,2
5066,3,0,0
5067,14.5,0,2
5077,5.5,0,0
5085,13,0,2
5095,0,0,2
5096,18.375,0,2
5106,7.857142857,0,0
5115,16,0,2
5116,30.25,0,2
5120,4.5,0,0
5122,6.285714286,0,2
5130,10.875,0,2
5138,2,0,2
5139,7.25,0,0
5143,2.666666667,0,2
5151,9.8,0,2
5157,13,0,0
5158,17.57142857,0,0
5167,5.5,0,0
5171,6,0,0
5172,2.666666667,0,0
5177,8.875,0,2
5187,8,0,2
5192,1,0,0
5196,10.25,0,2
5206,1,0,0
5207,8.25,0,2
5213,8,0,0
5215,24.375,0,2
5225,9.375,0,2
5235,1,0,0
5237,6,0,0
5238,0,0,0
5241,6.2,0,2
5247,3.333333333,0,2
5250,8.666666667,0,0
5253,9.875,0,2
5263,6.5,0,0
5269,9.666666667,0,0
5272,6.833333333,0,2
5280,14.75,0,0
5290,6.5,0,0
5296,3.875,0,0
5306,13,0,0
5307,5.666666667,0,0
5314,5.5,0,2
5316,8,0,0
5318,3.25,0,2
5323,1.5,0,0
5325,16.75,0.995,2
5335,5,0,0
5336,28.5,0,0
5340,6.8,0,0
5347,5.5,0,0
5349,1,0,0
5350,8.857142857,0,0
5359,13.375,0,2
5369,6.285714286,0,0
5377,6.666666667,0,2
5382,6.666666667,0,0
5389,5.5,0,0
5394,9.714285714,0,0
5402,10,0,0
5403,21.25,0,0
5413,11.33333333,0,2
5416,16.125,0,0
5426,18.66666667,0,0
5429,10.75,0,2
5439,40,0,2
5446,12.25,0,0
5456,11.75,0,2
5462,12.28571429,0,2
5471,12.875,0,0
5481,11.25,0,2
5491,9.714285714,0,0
5500,14.42857143,0,0
5509,18,0,2
5510,1,0,2
5511,12.5,0,2
5521,3.333333333,0,2
5526,3,0,0
5527,36.375,0,2
5537,28,0,2
5538,15,0,0
5546,14,0,0
5554,5,0,2
5557,3,0,2
5562,5.6,0,0
5567,1,0,0
5568,5.666666667,0,2
5573,14,0,0
5583,11.14285714,0,0
5591,11.625,0,0
5601,6,0,0
5607,1,0,0
5608,6.333333333,0,2
5612,23.75,0,2
5622,32.75,0,0
5632,5.714285714,0,0
5640,16.875,0,2
5650,6.428571429,0,0
5658,5.2,0,2
5664,6.75,0,2
5674,5,0,2
5675,5,0,2
5677,5.5,0,2
5684,4,0,0
5685,16,0,2
5695,14.5,0,2
5705,6,0,2
5706,3.375,0,0
5716,6.125,0,2
5726,13.75,0,0
5736,9.333333333,0,2
5740,14.25,0,0
5750,3,0,0
5751,7.25,0,0
5761,4,0,0
5762,19.5,0,2
5770,13,0,0
5777,10.33333333,0,0
5781,7.125,0,0
5791,2.5,0,0
5793,8,0,2
5803,4.857142857,0,0
5812,18,0,2
5813,9.875,0,0
5823,7.375,8.74125,2
5833,15.5,0,2
5843,3,0,2
5844,8.833333333,0,0
5852,2,0,0
5853,5.857142857,0,2
5862,6.75,0,2
5867,7.625,0,2
5877,13.5,0,0
5887,9,0,0
5889,1,0,0
5890,20.33333333,0,2
5893,8.25,0,0
5903,7.5,0,0
5913,3,0,2
5914,4.5,0,2
5917,1,0,0
5918,3,0,2
5920,16,0,0
5922,2,0,2
5923,1.6,0,0
5928,6,0,0
5930,33.75,0,0
5940,21.6,0,0
5947,48,9.99,2
5948,4.5,0,0
5950,23.85714286,0,0
5959,26.625,0,0
5969,13.875,0,0
5979,3,0,0
5988,8.5,0,0
5993,2.5,0,2
5997,7.333333333,0,0
6002,8.125,0,0
6012,34.375,0,0
6022,1,0,2
6023,15.875,0,2
6033,19.25,0,0
6043,11,0,2
6047,6.142857143,0,2
6055,0.666666667,0,0
6058,5,0,2
6059,2,0,2
6061,4.666666667,0,0
6064,9,0,2
6066,29,0,0
6075,9.166666667,0,0
6082,8,0,0
6092,20.375,0,2
6102,2,0,2
6103,3,0,0
6104,5,0,2
6105,0,0,0
6107,7.2,0,0
6113,5,0,2
6115,1.25,0,2
6120,15,13.94333333,2
6123,14,0,2
6133,12,0,2
6134,6.5,0,2
6136,4,0,2
6138,8.857142857,0,2
6147,19.8,0,0
6154,5.5,0,2
6157,16.625,0,2
6167,9,0,2
6177,0,0,2
6179,9,0,2
6182,9.428571429,0,0
6191,0,0,2
6192,5,0,0
6194,9,0,0
6204,7,0,2
6205,11.16666667,0,2
6211,13,0,0
6217,11.66666667,0,2
6228,17.375,0,2
6238,7,0,2
6239,34.375,0,2
6249,16.75,0,0
6259,8,0,0
6265,5,0,2
6270,5.25,0,2
6274,4.2,0,0
6280,21.2,0,2
6287,2,0,2
6288,4,0,2
6289,13.57142857,0,0
6298,5,0,2
6299,13.875,0,0
6309,12.66666667,13.32666667,2
6312,9.142857143,0,2
6321,12.875,0,0
6331,3.666666667,0,2
6335,3.666666667,0,2
6340,0.666666667,0,2
6343,4,0,0
6344,25.75,0,0
6354,4,0,0
6358,6.4,0,0
6363,6,0,2
6364,5.5,0,0
6374,8.666666667,0,0
6382,2,0,0
6383,4.6,0,0
6388,5,0,2
6390,5,0,0
6391,10.2,0,2
6396,17.85714286,0,2
6405,6.625,0,0
6415,5,0,2
6421,25.25,0,2
6431,10.25,0,2
6441,1.8,0,0
6448,6.666666667,0,2
6453,3.333333333,0,2
6457,22.75,0,2
6467,8,0,2
6472,6.6,0,2
6479,12.25,0,0
6489,12,0,2
6491,8.2,0,0
6496,23,0,0
6504,5.5,0,0
6506,15.5,0,2
6516,10.42857143,0,2
6524,6.5,0,0
6530,2.2,0,0
6536,11.5,0,0
6543,18.625,0,0
6553,6.5,0,0
6560,2,0,2
6565,1.666666667,0,0
6571,12.5,0,2
6581,13.5,0,2
6583,6,0,0
6587,6.714285714,0,2
6595,6.833333333,0,2
6601,9,0,0
6602,4,0,2
6610,4.428571429,0,2
6619,6.5,0,2
6626,26.625,0.995,2
6636,7,2.74125,0
6646,6.285714286,0,0
6655,13.14285714,0,0
6664,5,0,2
6666,6,0,2
6667,3.333333333,0,2
6671,12.5,0,2
6673,5,0,0
6678,11.75,0,0
6688,5.5,0,2
6695,18.25,0,2
6705,4.666666667,0,2
6708,18,0,2
6709,3.25,0,2
6713,6,0,2
6715,20,0,0
6716,5.5,0,0
6719,5,0,2
6720,7.25,0,2
6725,20.625,0,2
6735,3,0,2
6739,1.5,0,0
6741,10,0,2
6751,6.5,0,2
6754,0.25,0,0
6764,1.166666667,0,0
6770,8.5,0,2
6773,11,0,2
6783,9.285714286,0,2
6792,4,0,0
6793,16,0,2
6803,18.75,0,0
6813,10.75,0,0
6821,3,0,2
6822,3.8,0,2
6827,0,0,2
6828,8,0,0
6829,6.125,0,2
6839,0,0,2
6841,8.285714286,0,0
6849,6.6,0,0
6855,1,0,2
6856,4,0,0
6857,6.5,0,0
6859,3,0,2
6863,23.625,0.74625,0
6873,10.28571429,0,0
6882,2.5,0,2
6884,7.666666667,0,0
6891,28.625,0,2
6901,5.666666667,0,2
6905,26.5,0,0
6915,10.6,0,2
6922,2.5,0,2
6924,1,0,0
6925,16.5,0,2
6934,39.5,0,2
6944,17,0,0
6954,11.16666667,0,0
6961,4.75,0,0
6967,16.625,0,0
6977,2,0,0
6978,12.16666667,0,0
6986,4.5,0,2
6988,4.666666667,0,2
6991,4,0,2
6992,7.75,0,2
6996,12.875,0,0
7004,13,0,0
7011,4,0,0
7021,2.25,0,0
7026,0,0,0
7028,49.125,0,0
7037,25.33333333,0,0
7045,24.125,0,0
7055,10.5,0,2
7059,5.5,0,2
7061,9,0,2
7070,3,0,2
7071,3,0,0
7072,22.75,0,2
7082,10,0,2
7083,3,0,0
7087,12.71428571,0,0
7095,5,0,2
7096,15.25,0,0
7106,15.625,5.245,0
7114,12.28571429,0,2
7121,9,0,2
7129,7.5,0,2
7136,4,0,0
7137,3.833333333,0,0
7145,3,0,0
7150,18.66666667,0,2
7158,9.4,0,2
7163,24.75,0,2
7173,7,0,2
7175,6.2,0,2
7182,11.5,0,2
7184,2,0,2
7187,13.6,0,2
7194,5,0,0
7195,8.5,0,2
7203,9,0,2
7211,0,0,2
7213,4,0,0
7215,17.875,0,2
7225,12.75,11.95,0
7231,2.5,0,0
7235,17.125,0,0
7243,6,0,2
7245,2,0,2
7247,14.625,0,0
7257,14.875,0.24875,0
7266,3,0,2
7269,4.6,0,0
7275,6,0,0
7276,3.75,0,2
7281,8.5,0,0
7284,9.25,0,2
7294,14.14285714,4.282857143,2
7303,0,0,0
7305,10.42857143,0,2
7312,3,0,2
7319,0.5,0,0
7321,3.5,0,2
7323,14.875,0,0
7333,8.25,0,2
7338,13.75,0,2
7348,2.666666667,0,0
7352,3.5,0,2
7354,9.5,0,0
7359,6.333333333,0,2
7363,6.5,0,0
7365,1,0,0
7367,8.8,0,0
7372,18.75,1.24875,2
7382,3.857142857,0,0
7391,7.25,0,2
7395,0,0,2
7396,10.5,0,2
7404,5.5,0,2
7410,20.42857143,0,2
7419,11.875,0,0
7429,24.625,0,0
7439,9.333333333,0,2
7444,9.857142857,0,2
7453,7.666666667,0,0
7457,8.142857143,0,0
7465,10.75,0,2
7474,3,0,0
7475,0,0,2
7485,11.8,0,2
7491,14.25,0,0
7501,9.5,0,2
7503,18,0,2
7513,18.75,0,0
7523,19,0,2
7533,13.85714286,0,2
7542,8.25,0,2
7552,5.428571429,0,0
7561,14.85714286,0,0
7568,10,0,2
7570,22.25,0,2
7574,7.666666667,0,2
7577,16.625,0,2
7587,16.125,0,0
7596,1,0,0
7597,22.4,0,0
7602,9.833333333,0,2
7609,6.5,0,2
7611,17.125,0,0
7621,5.4,0,0
7627,18.5,0,2
7637,5,0,2
7639,10.5,0,0
7649,1.6,0,0
7655,11.875,0,2
7665,7.4,0,0
7671,22.625,0,0
7681,5,0,2
7682,4.666666667,0,0
7685,10.5,0,0
7689,4.25,0,0
7694,3,0,0
7695,12.71428571,0,2
7704,5,0,2
7705,15.5,0,2
7715,11.875,0,2
7725,4.6,0,0
7731,9.428571429,0,2
7740,6.571428571,0,2
7748,10,0,0
7750,2,0,2
7751,6,0,2
7760,11.2,0,2
7766,5.285714286,0,2
7774,5.25,0,2
7779,9.5,0,0
7789,11.375,0,2
7799,6,0,0
7800,9,0,0
7801,11,0,0
7802,5.142857143,0,2
7811,16.5,0,0
7813,6,0,2
7814,5.75,0,0
7818,3,0,2
7823,9.2,0,2
7830,0,0,2
7831,5.5,0,0
7835,13.25,0,2
7839,4.5,0,0
7843,5,0,0
7845,8.75,0,0
7850,2,0,2
7851,7,0,2
7852,3,0,2
7861,2.5,0,0
7863,11.25,0,2
7873,10,0,0
7874,4.5,0,2
7878,5,0,0
7886,13.5,0,0
7895,2,0,2
7896,3,0,2
7898,6.5,0,0
7901,13.125,0,0
7910,15.33333333,0,2
7913,1.333333333,0,2
7916,3.666666667,0,0
7919,6,0,2
7920,20.5,0,2
7930,8.5,0,2
7939,6.5,0,0
7942,2,0,2
7943,3,0,0
7946,0,0,2
7948,3.4,0,2
7953,17.75,0,0
7963,23.5,0,2
7973,11.71428571,0,2
7982,1,0,0
7983,3.5,0,0
7988,23.375,0,0
7998,4,0,0
7999,11.625,0,2
8009,22.75,0,0
8017,10.75,0,0
8027,5,0,2
8028,23.875,0,2
8038,9.857142857,0,2
8047,3.5,0,0
8049,1,0,0
8050,1,0,0
8051,0,0,0
8053,7.2,0,0
8058,26.25,0,0
8068,5,0,2
8069,8.333333333,0,2
8072,9.833333333,0,0
8079,5.857142857,0,2
8088,1.333333333,0,2
8091,10.875,0,0
8101,10,0,0
8108,20.28571429,0,2
8117,9.857142857,0,2
8126,4,0,0
8127,4,0,0
8128,9,0,0
8136,12.66666667,0,2
8144,17.14285714,0,2
8153,26.125,0.4975,2
8163,1.5,0,0
8165,6,0,2
8175,11.875,0,2
8184,6.666666667,0,2
8190,8.571428571,0,2
8199,5.166666667,0,2
8207,3,0,2
8216,10,0,0
8220,11.57142857,0,2
8229,14.375,0,0
8239,6,0,2
8243,26.75,0,0
8253,5,0,0
8254,8.625,0,0
8264,6.875,0,0
8273,0,0,0
8274,10.5,0,0
8282,11.88888889,0,0
8293,1.666666667,0,0
8296,21.5,0,0
8306,4.4,0,0
8311,14.25,0,0
8321,1.5,0,0
8323,6.2,0,0
8330,1,0,0
8332,22,0,2
8333,2,0,2
8335,1.25,0,0
8339,8.8,0,0
8345,10.85714286,0,2
8352,7.5,0,0
8358,4.5,0,0
8360,8.333333333,6.66,0
8368,2,0,2
8369,23.25,0,2
8379,9.428571429,0,0
8388,7.8,0,2
8393,6,0,0
8396,1.5,0,2
8398,14,0,2
8404,0,0,2
8405,1,0,0
8406,11.5,0,2
8416,10,0,2
8425,12,0,0
8432,3,0,0
8434,2,0,0
8435,7,0,2
8437,9.714285714,0,2
8444,8.25,0,2
8453,12,0,0
8456,0.125,0,2
8466,4.75,0,0
8471,10.125,0,2
8481,9.75,0,2
8490,1,0,0
8491,9.125,0,0
8501,5.5,0,0
8503,5.166666667,0,0
8510,6.166666667,0,2
8518,4,0,0
8522,0,0,2
8523,20.375,0,0
8533,18.42857143,0,2
8542,11.125,0,2
8552,0,0,0
8554,1.25,0,0
8560,6.875,0,0
8570,12,0,0
8572,14,0,2
8582,3.25,0,0
8587,10,0,2
8593,9,0,0
8594,2.125,0,0
8604,7.166666667,0,2
8611,6.333333333,0,0
8617,3,0,2
8618,17,0,0
8628,3.25,0,0
8633,5.333333333,0,0
8636,14,0,2
8637,9,0,0
8638,11,0,0
8639,3.666666667,0,0
8642,6.125,0,2
8652,11,0,0
8653,21.83333333,2.321666667,2
8660,17.375,0,0
8670,10,0,0
8672,13.375,13.99375,2
8682,5.8,0,0
8687,6.333333333,0,2
8690,19.57142857,0,0
8697,44.25,0,2
8701,15,0,0
8709,20.375,0,0
8719,5,0,2
8723,0,0,2
8724,8,0,0
8728,7.25,0,0
8733,9.5,0,0
8738,10,0,2
8745,13.875,0,0
8755,3.5,0,0
8761,5.333333333,0,0
8764,13.5,0,0
8766,11.875,0,0
8775,17.625,0,2
8785,0,0,2
8795,7.75,0,2
8805,1,0,2
8808,1,0,0
8809,23.75,0,2
8819,1,0,2
8820,9,0,2
8825,14,0,0
8835,2,0,0
8838,8.875,0,2
8846,1,0,0
8848,17.125,0,0
8858,1,0,0
8860,9,0,0
8863,11.125,0,2
8873,0.5,0,2
8875,4,0,2
8878,28.125,0,0
8888,18,0,2
8889,4.333333333,1.326666667,2
8892,3.5,4.995,0
8894,9.142857143,0,0
8902,1,0,2
8903,10,0,0
8905,34.375,0,2
8915,11.5,0,0
8923,10.125,0,2
8933,1,0,0
8934,1,0,0
8937,15,0,2
8938,12,0,2
8942,17.75,0,2
8952,4,0,0
8953,4.333333333,0,2
8957,7,2.49875,2
8967,5.5,0,2
8971,6.166666667,0,2
8979,6,0,0
8982,19.75,0,0
8992,12.83333333,0,2
8998,2,0,0
8999,13.75,0,2
9009,4.5,0,0
9011,43,0,0
9016,6,0,0
9019,19.375,0,0
9029,20.125,0,2
9037,5.333333333,0,2
9041,9.142857143,0,2
9050,6,0,2
9052,16.625,0,2
9062,4,0,0
9071,25.71428571,0,0
9078,3,0,0
9079,4.75,0,0
9089,7.5,0,0
9096,12.66666667,0,2
9102,3,0,0
9103,7,0,0
9104,9.2,0,0
9110,11,0,2
9120,8.5,0,0
9130,0.75,0,2
9140,6.142857143,0,0
9149,0,0,2
9150,13,0,2
9156,21.25,0.74625,0
9166,17.875,0,0
9175,10.85714286,0,2
9184,11.875,0,0
9194,18.25,0,2
9199,7.428571429,0,2
9208,5.333333333,0,2
9211,7.5,0,0
9220,7.2,0.796,2
9225,9.142857143,0,2
9233,6.666666667,0,0
9237,14.75,0,2
9246,12.25,0,2
9256,22.875,0,2
9266,6,0,0
9267,6.714285714,0,2
9276,2.25,0,2
9281,19.16666667,0,0
9289,6.6,0,0
9296,11.5,0,0
9306,25,0,2
9311,24.875,2.73625,2
9321,15,0,0
9329,8,0,2
9333,6.8,0,2
9339,1,0,2
9340,4.714285714,0,2
9349,2,0,0
9350,6.6,0,0
9357,4.5,0,0
9359,4.5,0,2
9361,19.33333333,0,0
9369,8.2,0,2
9376,18.625,0,0
9386,13,0,0
9394,5.857142857,0,0
9402,21.5,0,0
9412,22.375,0.995,2
9422,23.375,0,2
9432,6,0,2
9439,19.25,0,0
9449,3,0,0
9450,12.4,0,2
9456,5,0,2
9458,10,0,2
9465,20.42857143,0,0
9472,37.75,0,2
9482,10.25,0,2
9492,15.75,0,0
9502,60.25,0.74625,2
9510,35.75,0,2
9514,5,0,0
9515,19.28571429,0,2
9524,24,8.326666667,2
9531,7.833333333,0,2
9539,17,0,2
9549,9,0,2
9551,20.125,0,0
9561,10.83333333,0,2
9569,4.5,0,2
9571,20.42857143,0,2
9579,10,0,0
9580,16,0,0
9590,7.666666667,0,0
9593,8.285714286,0,0
9602,3.4,0,2
9609,5,0,0
9610,18,0,2
9620,14.5,0,0
9624,4.5,0,0
9633,18.5,0,0
9641,6.166666667,0,0
9648,5,0,0
9649,22,0,0
9659,5,0,0
9661,6.75,0,0
9665,5.714285714,0,0
9674,25.125,0,2
9684,7.857142857,0,0
9693,9.714285714,0,0
9702,6.666666667,0,0
9710,13,0,2
9720,24.875,0,0
9730,11.57142857,0,2
9737,9.666666667,0,0
9744,9.428571429,0,0
9753,10,0,2
9758,24.375,6.4875,2
9768,4,0,2
9773,1,0,2
9774,6,0,2
9778,1,0,2
9779,49.5,0,2
9783,6,0,2
9785,6.8,0,2
9790,18.5,0,2
9800,12,0,2
9802,15.85714286,0,0
9811,6,0,0
9812,9.333333333,0,0
9816,15.42857143,0,2
9825,10,0,0
9835,21.875,0,0
9845,21,0,0
9846,7.142857143,0,2
9854,9,0,0
9861,7,0,0
9867,5,0,0
9868,14.75,0,0
9878,7.75,0,0
9882,35.25,0,0
9892,24.83333333,0,2
9898,13.125,0,2
9908,17.625,0,0
9918,9.2,0,0
9926,28.5,0,2
9936,2.25,0,2
9940,6,0,0
9942,4.333333333,0,0
9945,12.5,0,2
9947,2.5,0,2
9950,10,0,2
9951,5.5,0,2
9955,0,0,2
9958,8.166666667,0,2
9964,2,0,0
9965,8.125,0,0
9973,21.71428571,11.42,2
9980,8,0,2
9984,9,0,2
9985,9.125,0,0
9995,4,0,2
9997,0,0,2
9998,12.875,0,2
10008,2.25,0,2
10014,1,0,2
10015,10.66666667,0,2
10018,14.16666667,0,2
10026,6.2,0,2
10031,2.333333333,0,2
10039,10.125,0,2
10049,8.25,0,2
10054,10,0,2
10055,9.625,0,0
10064,12,0,0
10068,2,0,0
10069,8,0,0
10073,7.285714286,0,0
10081,7.857142857,0.284285714,0
10090,20.375,0,2
10100,27.28571429,0,2
10107,5.857142857,0,2
10116,21,0,2
10118,7,0,2
10123,9.5,0,2
10129,5,0,2
10130,3.75,0,2
10135,4.857142857,0,0
10143,9.375,0,0
10153,2.5,0,0
10155,5.666666667,0,0
10159,6.5,0,0
10167,8.833333333,0,0
10173,12.5,0,2
10183,9.571428571,0,0
10192,15,0,0
10202,3.375,0,2
10212,10.75,0,0
10222,12.75,0,0
10232,6,0,2
10235,25,0,0
10245,9.333333333,0.663333333,2
10253,0,0,2
10255,15.875,0,0
10264,9,0,0
10273,17.375,0,2
10283,18.875,0,2
10293,12.5,0.331666667,2
10301,1,0,0
10303,26.5,0,2
10307,17.875,0,2
10317,0.5,0,0
10319,6.25,0,0
10329,1.5,0,2
10333,12.5,0,0
10340,0,0,2
10344,10,0,0
10353,3.5,0,0
10357,5.166666667,0,0
10365,19.375,0,2
10375,1,0,2
10376,3.6,0,0
10381,0.333333333,0,2
10384,17.75,0,2
10390,10.125,0,2
10400,2,0,0
10402,7.833333333,0,0
10409,12.375,0,2
10419,47.875,6.24375,2
10429,9.428571429,0,2
10438,5.8,0,2
10444,0.428571429,0,0
10453,11,0,0
10455,7.375,0,0
10465,10.375,0,0
10475,7,0,0
10476,8.375,0,2
10486,5.666666667,0,0
10489,5,0,0
10492,7.5,0,2
10496,8.833333333,0,0
10504,9.375,0,2
10514,3,0,2
10515,2,0,0
10516,11.8,0,2
10521,7,0,0
10524,10.625,0,2
10534,1,0,2
10536,14.5,0,2
10546,5.666666667,0,0
10549,7,0,2
10558,1,0,0
10559,4.666666667,0,0
10563,24,0,0
10565,14.33333333,0,2
10570,8,0,0
10575,8.125,0,2
10583,7.5,0.995,2
10587,12,0,2
10589,8.333333333,0,2
10597,5.333333333,0,2
10600,7.5,0,2
10606,10.25,0,2
10612,5,0,0
10613,17.875,0,2
10623,10.85714286,0,2
10631,4.25,0,2
10640,11.25,0,2
10650,13.5,0,0
10660,8,0,0
10661,2.666666667,0,2
10664,5.75,0,2
10674,2.25,0,0
10684,16.625,0,2
10694,16.75,0,0
10704,4.5,0,0
10712,3,0,2
10713,12.25,0,2
10723,6.75,0,2
10727,7,0,0
10728,10.16666667,0,0
10736,7,0,2
10737,3.75,0,2
10741,5.666666667,0,2
10746,15.5,0,2
10752,5.333333333,0,2
10756,6.8,0,0
10762,20,0,0
10772,13,0,2
10782,4.142857143,0,2
10791,16.66666667,0,0
10794,0,0,2
10795,17,0,2
10805,16.875,0,2
10815,0,0,2
10825,5.4,0,0
10831,1,0,2
10832,6,0,2
10833,15,0,2
10842,11,0,2
10846,13,0,2
10855,3.333333333,0,2
10861,10.5,0,0
10871,1.5,0,2
10881,10.625,0,0
10891,1,0,0
10894,7.4,0,2
10900,27,0,0
10906,4.25,0,2
10916,16,0,2
10922,14.875,0,2
10930,0,0,2
10940,2.875,0,2
10950,6,0,0
10951,5.857142857,0,2
10960,4.2,0,2
10965,19.375,0,0
10975,18.25,0,2
10985,11,0,0
10987,7.375,0,0
10997,14,0,0
10998,10,0,2
11003,3.5,0,0
11005,2,0,0
11012,5,0,2
11013,15,0,2
11023,2.5,0,0
11025,11.5,0,0
11029,0,0,0
11030,5.428571429,0,2
11039,6,0,2
11041,16.125,0,0
11051,3,0,0
11053,12,0,2
11055,19.66666667,0,0
11061,1,0,0
11062,1,0,2
11063,22.25,0,0
11073,7,0,0
11075,13.83333333,0,0
11083,14.71428571,0,2
11092,5,0,2
11098,0,0,0
11099,15.83333333,0,0
11105,24,0,0
11106,5.2,0,0
11112,15.42857143,0,2
11121,10.125,0,0
11131,27.75,0,2
11141,15.5,0,0
11151,7.875,0,2
11161,3.333333333,0,0
11164,0,0,2
11167,22,0.24875,2
11176,3.5,0,0
11178,11.125,0,2
11188,4,0,2
11196,0,0,2
11197,3.666666667,0,0
11205,5.75,0,2
11215,13,0,2
11225,5.5,0,0
11227,18,0,2
11237,7.75,0,0
11247,17,0,0
11254,19.6,0,2
11259,4,0,0
11261,5.333333333,0,2
11264,7.25,0,2
11269,37.875,0,2
11279,6,0,0
11281,15.5,0,2
11291,0,0,2
11292,0,0,0
11295,13.75,0,2
11305,10.16666667,0,2
11313,26.8,0,0
11318,3.333333333,0,2
11322,21.2,3.996,2
11327,5,0,2
11329,6.4,0,0
11336,5,0,2
11338,5.142857143,0,2
11347,7,0,0
11348,8.5,0,0
11350,5.2,0,0
11355,1,0,0
11356,6,0,2
11362,3.285714286,0,2
11371,25.125,0,2
11381,0,0,0
11383,7.666666667,0,0
11386,17.5,0,0
11388,18.625,0,2
11398,8.5,0,2
11400,2.333333333,0,2
11408,44.25,0,0
11414,5,0,0
11416,7.5,0,0
11426,8,0,0
11427,6.75,0,2
11437,0,0,0
11439,19.5,0,2
11449,6,0,2
11450,8,0,2
11452,5,0,2
11453,19.625,0,2
11462,0,0,2
11463,3.8,0,2
11470,7.571428571,0,0
11478,12.75,0,0
11488,5,0,0
11491,10.33333333,0,0
11498,25.75,0,2
11508,9.375,0,2
11518,21,0,2
11528,11,0,2
11538,8,0,0
11545,13.125,0,0
11555,2,0,2
11557,3.875,0,2
11567,16,0,0
11575,13,0,0
11584,9,0,2
11590,18.25,2.23875,0
11599,14.375,4.24375,2
11609,4.5,0,0
11611,10.625,0,2
11621,18.375,0,2
11631,5.75,0,0
11636,3,0,0
11637,6,0,0
11645,7.25,0,0
11651,5.666666667,0,0
11654,21,0,2
11656,17.875,0,0
11665,1,0,2
11666,9.125,0,2
11676,9.5,0,2
11684,8.75,0,0
11694,10.57142857,0,0
11702,9.75,0,2
11712,1,0,2
11713,13,0,2
11715,5.25,0,0
11723,8.75,0,2
11728,5.666666667,0,2
11731,27.5,0,2
11735,14.33333333,0,2
11738,26,0,0
11748,7,0,2
11750,1.666666667,0.663333333,0
11753,19.25,0,2
11763,18.66666667,0,2
11769,5,0,2
11771,4.75,0,0
11775,8.5,0,2
11785,5,0,0
11786,6.375,0,0
11796,4.5,0,0
11798,5.833333333,0,0
11804,14,0,0
11810,6.125,0,0
11820,18,0,0
11822,10.42857143,0,0
11831,12.875,0,2
11841,28,0,2
11843,0,0,0
11844,8.5,0,0
11854,9.428571429,0,0
11862,11.5,0,2
11869,4,0,0
11872,7,0,0
11873,8,0,2
11879,11.375,0,2
11889,4,0,0
11893,2,0,0
11894,1,0,0
11895,5,0,2
11896,5.25,0,0
11900,15.42857143,0,2
11909,10,0,0
11912,21.5,0,0
11914,8,0,2
11920,8.75,0,2
11924,20.875,0,2
11934,9.25,0,0
11944,21.375,0,2
11954,7,0,0
11962,8.75,0,2
11972,13.5,0,0
11982,4,0,2
11984,8.125,0,2
11993,12,0,0
12001,5,0,2
12004,12.25,0,0
12012,4.571428571,0,0
12021,0.25,0,2
12027,1,0,2
12028,8,0,2
12029,4.4,0,2
12034,26,0,2
12035,5,0,0
12037,6.5,0,2
12039,5.666666667,0,2